Title,URL,Price,Rating,ReviewCount,UnitsSold
AMAGGIGO,N/A,£22.09,4.3 out of 5 stars,"1,119",N/A
Sam Caan,N/A,£12.99,4.2 out of 5 stars,18,N/A
Sixyotie,N/A,£26.98,4.3 out of 5 stars,35,N/A
OAMENXI,N/A,£22.94,4.3 out of 5 stars,910,N/A
DOULAFASS,N/A,£21.99,4.2 out of 5 stars,"1,148",N/A
CUPSHE,N/A,£29.99,4.5 out of 5 stars,"30,704",N/A
GRACE KARIN,N/A,£26.99,4.7 out of 5 stars,82,N/A
CUPSHE,N/A,£29.99,4.4 out of 5 stars,"14,332",N/A
CUPSHE,N/A,£29.99,4.3 out of 5 stars,"10,144",N/A
Joweechy,N/A,£23.99,4.6 out of 5 stars,605,N/A
SIMIYA,N/A,£14.99,4.3 out of 5 stars,79,50+ bought in past month
PONCEAU,N/A,£18.99,4.1 out of 5 stars,12,N/A
Aidotop,N/A,£24.99,4.3 out of 5 stars,"1,227",N/A
CharmLeaks,N/A,£28.99,4.4 out of 5 stars,"2,297",N/A
Aidotop,N/A,£24.99,4.3 out of 5 stars,"1,227",N/A
SHEKINI,N/A,£28.99,4.5 out of 5 stars,56,N/A
Sixyotie,N/A,£24.99,4.1 out of 5 stars,"3,393",N/A
Sukany,N/A,£24.99,4.3 out of 5 stars,25,N/A
LUCKME,N/A,£6.99,4.2 out of 5 stars,68,N/A
RXRXCOCO,N/A,£21.99,4.0 out of 5 stars,3,N/A
SHAPERIN,N/A,£33.99,4.5 out of 5 stars,33,N/A
Aleumdr,N/A,£24.99,4.4 out of 5 stars,19,N/A
heekpek,N/A,£19.98,4.2 out of 5 stars,381,50+ bought in past month
YILEEGOO,N/A,£19.88,4.1 out of 5 stars,205,N/A
Hanna Nikole,N/A,£29.99,4.2 out of 5 stars,66,N/A
Genfien,N/A,£21.99,4.1 out of 5 stars,613,N/A
UMIPUBO,N/A,£22.98,4.5 out of 5 stars,143,N/A
Genfien,N/A,£19.99,4.4 out of 5 stars,"1,649",N/A
RXRXCOCO,N/A,£21.99,4.0 out of 5 stars,3,N/A
UMIPUBO,N/A,£24.99,4.2 out of 5 stars,326,N/A
CUPSHE,N/A,£31.99,4.3 out of 5 stars,"1,493",N/A
SHEKINI,N/A,£27.99,4.5 out of 5 stars,162,N/A
IBLUELOVER,N/A,£14.99,4.2 out of 5 stars,256,50+ bought in past month
Generic,N/A,£10.99,3.6 out of 5 stars,31,50+ bought in past month
DOULAFASS,N/A,£26.99,4.5 out of 5 stars,69,N/A
LULUWINGX,N/A,£23.59,4.3 out of 5 stars,"1,348",N/A
CUPSHE,N/A,£29.99,4.2 out of 5 stars,"9,139",N/A
AOQUSSQOA,N/A,£23.99,4.1 out of 5 stars,281,N/A
Sovoyontee,N/A,N/A,3.7 out of 5 stars,"5,455",N/A
RXRXCOCO,N/A,£20.39,4.1 out of 5 stars,"1,015",N/A
WIN.MAX,N/A,£29.99,4.3 out of 5 stars,"2,207",N/A
DOULAFASS,N/A,£21.99,4.2 out of 5 stars,270,50+ bought in past month
Svanco,N/A,£9.99,4.3 out of 5 stars,225,N/A
RXRXCOCO,N/A,£23.79,4.3 out of 5 stars,"1,988",N/A
GRACE KARIN,N/A,£26.99,4.4 out of 5 stars,182,N/A
Runmeihe,N/A,£12.99,3.5 out of 5 stars,31,N/A
Generic,N/A,£17.89,3.3 out of 5 stars,140,N/A
CUPSHE,N/A,£29.99,4.4 out of 5 stars,"28,379",N/A
CharmLeaks,N/A,£14.99,4.3 out of 5 stars,"1,670",100+ bought in past month
RITOSTA,N/A,£17.99,4.3 out of 5 stars,187,50+ bought in past month
Joweechy,N/A,£22.79,4.4 out of 5 stars,252,N/A
CharmLeaks,N/A,£28.99,4.4 out of 5 stars,79,N/A
Svanco,N/A,£23.99,4.7 out of 5 stars,56,N/A
Zoggs,N/A,£38.98,4.5 out of 5 stars,"1,040",50+ bought in past month
JASAMBAC,N/A,£29.99,4.3 out of 5 stars,74,N/A
UMIPUBO,N/A,£17.99,4.3 out of 5 stars,215,N/A
Yuson Girl,N/A,£14.98,4.5 out of 5 stars,63,N/A
UMIPUBO,N/A,£16.98,4.5 out of 5 stars,48,N/A
Dokotoo,N/A,£27.99,4.1 out of 5 stars,"1,129",N/A
CUPSHE,N/A,£33.99,4.1 out of 5 stars,"4,482",N/A
